Book Title,Author,ISBN,Availability,Borrower Name
The Great Gatsby,F. Scott Fitzgerald,9780743273565,True,
1984,George Orwell,9780451524935,False,John Doe
To Kill a Mockingbird,Harper Lee,9780061120084,True,
Pride and Prejudice,Jane Austen,9781503290563,True,
Moby Dick,Herman Melville,9781503280786,False,Jane Smith
The Catcher in the Rye,J.D. Salinger,9780316769488,True,
Brave New World,Aldous Huxley,9780060850524,False,Emily Davis
The Hobbit,J.R.R. Tolkien,9780547928227,True,
The Road,Cormac McCarthy,9780307387899,False,Michael Johnson
Animal Farm,George Orwell,9780451526342,True,
New book,Me,345678,True,
